応用数学Ⅰ,松元　慎吾
, 
  ,
応用数学Ⅰ,伊達　宏昭
, 
  ,
応用数学Ⅰ,佐藤　威友
, 
  ,
応用数学Ⅱ,山ノ内　路彦
, 
  ,
応用数学Ⅱ,岡嶋　孝治
, 
  ,
応用数学Ⅱ,橋本　守
, 
  ,
応用数学演習Ⅰ,西村　生哉
, 
    ,
応用数学演習Ⅰ,小水内　俊介
, 
    ,
応用数学演習Ⅰ,松下　昭彦
, 
    ,
応用数学演習Ⅱ,植村　哲也
, 
    ,
応用数学演習Ⅱ,赤井　恵
, 
    ,
応用数学演習Ⅱ,渡邉　拓貴
, 
    ,
応用数学Ⅲ,吉岡　真治
, 
  ,
応用数学Ⅲ,吉岡　真治
, 
  ,
応用数学Ⅲ,今井　英幸
, 
  ,
確率過程とデータ解析,水田　正弘
    , 
確率過程とデータ解析,水田　正弘
    , 
確率過程とデータ解析,水田　正弘
    , 
確率過程とデータ解析,水田　正弘
    , 
情報代数とオートマトン,工藤　峰一
   , 
情報数学,河口　万由香
, 
   ,
情報数学,小林　孝一
, 
   ,
情報数学,小野里　雅彦
, 
   ,
最適化理論,小野里　雅彦
 , 
最適化理論,小野里　雅彦
 , 
計算知能工学,五十嵐　一
 , 
計算知能工学,五十嵐　一
 , 
計算機プログラミングⅠ,吉岡　真治
, 
  Ⅰ,
計算機プログラミングⅠ,川村　秀憲
, 
  Ⅰ,
計算機プログラミングⅠ,小山　聡
, 
  Ⅰ,
計算機プログラミング演習,吉岡　真治
, 
   ,
計算機プログラミング演習,川村　秀憲
, 
   ,
計算機プログラミング演習,小山　聡
, 
   ,
計算機プログラミングⅡ,山本　雅人
, 
  Ⅱ,
計算機プログラミングⅡ,大宮　学
, 
  Ⅱ,
計算機プログラミングⅡ,小野　哲雄
, 
  Ⅱ,
ソフトウェア工学,栗原　正仁
 , 
プログラム理論と言語,有村　博紀
   , 
情報モデリング,田中　文基
 , 
数値解析とシミュレーション基礎,菅原　広剛
   , 
コンピュータ工学,荒木　健治
, 
 ,
コンピュータ工学,佐藤　孝憲
, 
 ,
コンピュータ工学,土橋　宜典
, 
 ,
情報理論,喜田　拓也
, 
 ,
情報理論,堀山　貴史
, 
 ,
情報理論,中村　篤祥
, 
 ,
信号処理,西村　寿彦
, 
 ,
信号処理,長谷山　美紀
, 
 ,
信号処理,金井　理
, 
 ,
ディジタル形状設計,伊達　宏昭
  , 
電子デバイス工学,冨岡　克広
, 
  ,
電子デバイス工学,太田　裕道
, 
  ,
電子デバイス工学,葛西　誠也
, 
  ,
電気回路,平田　拓
, 
 ,
電気回路,三澤　弘明
, 
 ,
電気回路,平田　拓
, 
 ,
ディジタル回路,浅井　哲也
, 
  ,
ディジタル回路,赤澤　正道
, 
  ,
ディジタル回路,植村　哲也
, 
  ,
電子回路,原　真二郎
, 
 ,
電子回路,山本　学
, 
 ,
電子回路,松元　慎吾
, 
 ,
応用電気回路,末岡　和久
  , 
応用電気回路,北　裕幸
  , 
計測制御工学,池辺　将之
   , 
計測制御工学,池辺　将之
   , 
線形システム論,小笠原　悟司
, 
  ,
線形システム論,近野　敦
, 
  ,
線形システム論,山下　裕
, 
  ,
通信システム,西村　寿彦
 , 
サイバーコミュニケーション,坂本　雄児
 , 
通信工学,池辺　将之
 , 
電波法,齊藤　晋聖
 , 
電磁気学,齊藤　晋聖
, 
,
電磁気学,田口　敦清
, 
,
電磁気学,平田　拓
, 
,
応用電磁気学,五十嵐　一
 , 
応用電磁気学,有田　正志
 , 
応用電磁気学,五十嵐　一
 , 
量子力学,富田　章久
 , 
量子力学,富田　章久
 , 
応用量子力学,古賀　貴亮
  , 
力学基礎,近野　敦
  , 
情報エレクトロニクス演習,齊藤　晋聖
, 
    ,
情報エレクトロニクス演習,齊藤　晋聖
, 
    ,
情報エレクトロニクス演習,齊藤　晋聖
, 
    ,
インターンシップⅠ,五十嵐　一
 Ⅰ, 
インターンシップⅠ,本久　順一
 Ⅰ, 
インターンシップⅠ,川村　秀憲
 Ⅰ, 
インターンシップⅠ,齊藤　晋聖
 Ⅰ, 
インターンシップⅠ,遠藤　俊徳
 Ⅰ, 
インターンシップⅡ,本久　順一
 Ⅱ, 
インターンシップⅡ,五十嵐　一
 Ⅱ, 
インターンシップⅡ,川村　秀憲
 Ⅱ, 
インターンシップⅡ,齊藤　晋聖
 Ⅱ, 
インターンシップⅡ,遠藤　俊徳
 Ⅱ, 
情報と職業,末岡　和久
   , 
情報と職業,末岡　和久
   , 
情報と職業,末岡　和久
   , 
情報と職業,末岡　和久
   , 
情報と職業,末岡　和久
   , 
情報社会及び情報倫理,末岡　和久
   , 
情報社会及び情報倫理,末岡　和久
   , 
情報社会及び情報倫理,末岡　和久
   , 
情報社会及び情報倫理,末岡　和久
   , 
情報社会及び情報倫理,末岡　和久
   , 
情報幾何学演習,廣瀬　善大
    , 
情報理工学演習Ⅱ,工藤　峰一
       , 
情報理工学演習Ⅲ,有村　博紀
       , 
情報理工学演習Ⅳ,川村　秀憲
       , 
情報理工学実験Ⅰ,山下　倫央
       , 
科学技術英語演習Ⅱ,川村　秀憲
    , 
科学技術英語演習,川村　秀憲
   , 
情報理工学演習Ⅰ,堀山　貴史
       , 
情報理工学実験Ⅱ,山下　倫央
       , 
科学技術英語演習Ⅰ,川村　秀憲
    , 
卒業論文,川村　秀憲
 , 
情報理工学入門,川村　秀憲
      , 
情報幾何学,廣瀬　善大
  , 
メディア処理工学,田中　章
 , 
コンピュータシステム,堀山　貴史
 , 
ネットワークとクラウド,棟朝　雅晴
    , 
ネットワークとクラウド,棟朝　雅晴
    , 
システムマネジメント,小野里　雅彦
 , 
情報セキュリティ,南　弘征
 , 
メディアコンテンツ工学,髙井　昌彰
  , 
メディアコンテンツ工学,髙井　昌彰
  , 
人工知能,川村　秀憲
 , 
人工知能,川村　秀憲
 , 
データサイエンス,小山　聡
 , 
データベースとインテリジェンス,吉岡　真治
   , 
データベースとインテリジェンス,吉岡　真治
   , 
データマイニングと機械学習,中村　篤祥
    , 
データマイニングと機械学習,中村　篤祥
    , 
人工生命と進化型計算,山本　雅人
    , 
ロボットとインタラクティブシステム,小野　哲雄
   , 
ロボットとインタラクティブシステム,小野　哲雄
   , 
ロボットとインタラクティブシステム,小野　哲雄
   , 
アルゴリズムとデータ構造,有村　博紀
   , 
アルゴリズムとデータ構造,有村　博紀
   , 
数値の表現と計算,杉本　雅則
 , 
計算理論,Ｔｈｏｍａｓ　Ｚｅｕｇｍａｎｎ
  , 
電気電子工学演習Ⅰ,村山　明宏
      , 
電気電子工学実験基礎,  
    -, 
電気電子工学演習Ⅱ,富田　章久
      , 
電気電子工学演習Ⅲ,本久　順一
      , 
電気電子工学実験Ⅰ,岡本　淳
     , 
電気電子工学実験Ⅱ,岡本　淳
     , 
電気電子工学実験Ⅲ,岡本　淳
     , 
科学技術英語演習,本久　順一
   , 
電気電子工学演習Ⅳ,末岡　和久
      , 
電気電子工学実験Ⅳ,八田　英嗣
     , 
電気電子工学実験Ⅴ,八田　英嗣
     , 
卒業論文,本久　順一
 , 
アルゴリズムとデータ構造,有村　博紀
   , 
集積回路工学,浅井　哲也
  , 
集積回路工学,浅井　哲也
  , 
集積回路工学,浅井　哲也
  , 
集積システム工学,浅井　哲也
    , 
集積システム工学,浅井　哲也
    , 
集積システム工学,浅井　哲也
    , 
集積システム工学,浅井　哲也
    , 
電気機器学,野口　聡
 , 
電気エネルギー工学,橋詰　保
  , 
分子生物学Ⅰ,渡邉　日出海
  , 
メカトロニクス基礎,山下　裕
 , 
電気電子材料工学,冨岡　克広
   , 
電気電子材料工学,冨岡　克広
   , 
物性工学,村山　明宏
    , 
コンピュータシステム,堀山　貴史
 , 
半導体デバイス工学,本久　順一
 , 
光工学,笹木　敬司
, 
応用光工学,岡本　淳
 , 
生体医工学基礎,西野　吉則
    , 
生体情報工学演習Ⅰ,遠藤　俊徳
     Ⅰ, 
生体情報工学実験Ⅰ,遠藤　俊徳
    Ⅰ, 
科学技術英語演習,遠藤　俊徳
   , 
生体情報工学演習Ⅱ,遠藤　俊徳
     Ⅱ, 
生体情報工学実験Ⅱ,遠藤　俊徳
    Ⅱ, 
卒業論文,遠藤　俊徳
 , 
細胞生物学,遠藤　俊徳
 , 
分子生物学Ⅰ,渡邉　日出海
  , 
分子生物学Ⅱ,渡邉　日出海
  , 
生体機能学,小柳　香奈子
, 
データ解析,西川　淳
 , 
データ解析,西川　淳
 , 
シミュレーション工学,舘野　高
 , 
生命情報解析学,長田　直樹
   , 
生命情報解析学,長田　直樹
   , 
科学計測,工藤　信樹
   , 
科学計測,工藤　信樹
   , 
科学計測,工藤　信樹
   , 
応用電気回路,工藤　信樹
  , 
応用光学Ⅰ,橋本　守
  , 
量子力学,橋本　守
 , 
応用物性工学,雲林院　宏
  , 
応用光学Ⅱ,西野　吉則
  , 
応用光学Ⅰ,橋本　守
  , 
応用光学Ⅰ,橋本　守
  , 
神経工学,舘野　高
 , 
生体物理工学,岡嶋　孝治
  , 
生体物理工学,岡嶋　孝治
  , 
メディアネットワーク演習Ⅰ,齊藤　晋聖
    Ⅰ, 
メディアネットワーク演習Ⅱ,齊藤　晋聖
    Ⅱ, 
メディアネットワーク実験ⅠＡ,齊藤　晋聖
   Ⅰ, 
メディアネットワーク実験ⅠＢ,齊藤　晋聖
   Ⅰ, 
科学技術英語演習Ⅱ,齊藤　晋聖
    , 
メディアネットワーク実験ⅡＡ,齊藤　晋聖
   Ⅱ, 
メディアネットワーク実験ⅡＢ,齊藤　晋聖
   Ⅱ, 
科学技術英語演習,齊藤　晋聖
   , 
科学技術英語演習Ⅰ,齊藤　晋聖
    , 
卒業論文,齊藤　晋聖
 , 
サイバーコミュニケーション,坂本　雄児
 , 
メディアシステム設計論,土橋　宜典
  , 
メディアシステム設計論,土橋　宜典
  , 
言語メディア理解論,荒木　健治
  , 
言語メディア理解論,荒木　健治
  , 
画像解析論,長谷山　美紀
 , 
画像解析論,長谷山　美紀
 , 
画像解析論,長谷山　美紀
 , 
コンピュータグラフィックス,坂本　雄児
 , 
メディアプログラミング,土橋　宜典
 , 
音声メディア応用論,伊藤　敏彦
  , 
画像処理応用,小川　貴弘
 , 
通信システム,西村　寿彦
 , 
ネットワーク構成論,筒井　弘
 , 
ワイヤレス伝送理論,山本　学
  , 
ワイヤレス伝送理論,山本　学
  , 
光・電波サイエンス,齊藤　晋聖
   , 
ディジタルネットワーク,佐藤　孝憲
 , 
ディジタルネットワーク,佐藤　孝憲
 , 
フォトニックネットワーク基礎,藤澤　剛
   , 
モバイル通信メディア,大鐘　武雄
  , 
モバイル通信メディア,大鐘　武雄
  , 
モバイル通信メディア,大鐘　武雄
  , 
ワイアレスネットワーク基礎,山本　学
   , 
電気制御システム実験Ⅰ,田中　孝之
",      ", 
科学技術英語演習,五十嵐　一
   , 
電気制御システム演習Ⅰ,北　裕幸
"  ,     ", 
電気制御システム演習Ⅱ,野口　聡
"  ,     ", 
電気制御システム実験Ⅱ,小水内　俊介
",      ", 
卒業論文,五十嵐　一
 , 
ディジタル制御,山下　裕
 , 
ディジタル制御,山下　裕
 , 
メカトロニクス基礎,山下　裕
 , 
ロボティクス,田中　孝之
, 
ロボティクス,田中　孝之
, 
システムデザイン,金井　理
 , 
システムマネジメント,小野里　雅彦
 , 
空間フィールド情報学,近野　敦
  , 
空間フィールド情報学,近野　敦
  , 
画像計測工学,田中　文基
-  , 
電気エネルギーシステム工学,北　裕幸
  , 
電気エネルギー工学,原　亮一
  , 
電気法規及び施設管理,北　裕幸
      , 
電気機器学,野口　聡
 , 
パワーエレクトロニクス,小笠原　悟司
 , 