インターンシップⅠ,澤 和弘
, 
 Ⅰ,
インターンシップⅠ,大橋 俊朗
機械システムコース, 
 Ⅰ,
インターンシップⅡ,澤 和弘
, 
 Ⅱ,
インターンシップⅡ,大橋 俊朗
機械システムコース, 
 Ⅱ,
統計力学,加美山 隆
, 
 ,
統計力学,加美山 隆
機械システムコース, 
 ,
ＣＡＤ・ＣＡＭ演習,東藤 正浩
, 
  /,
ＣＡＤ・ＣＡＭ演習,東藤 正浩
機械システムコース, 
  /,
ラボラトリーセミナー,柴山 環樹
, 
 ,
ラボラトリーセミナー,柴山 環樹
機械システムコース, 
 ,
計測工学実験,寺島 洋史
, 
   ,
計測工学実験,寺島 洋史
機械システムコース, 
   ,
機械知能工学入門,大橋 俊朗
, 
      ,
機械知能工学入門,大橋 俊朗
機械システムコース, 
      ,
設計工学,東藤 正浩
, 
 ,
設計工学,東藤 正浩
機械システムコース, 
 ,
工業英語演習,小崎 完
, 
   ,
工業英語演習,小崎 完
機械システムコース, 
   ,
設計演習Ⅰ,東藤 正浩
, 
    Ⅰ,
設計演習Ⅰ,東藤 正浩
機械システムコース, 
    Ⅰ,
設計演習Ⅱ,東藤 正浩
, 
    Ⅱ,
設計演習Ⅱ,東藤 正浩
機械システムコース, 
    Ⅱ,
コンピュータ演習,黒田 明慈
, 
   ,
コンピュータ演習,黒田 明慈
機械システムコース, 
   ,
応用数学Ⅰ,白井 直機
, 
  ,
応用数学Ⅰ,山田 雅彦
機械システムコース, 
  ,
応用数学Ⅱ,澤 和弘
, 
  ,
応用数学Ⅱ,田坂 裕司
機械システムコース, 
  ,
応用数学演習Ⅰ,佐藤 博隆
, 
    ,
応用数学演習Ⅰ, 
機械システムコース, 
    ,
応用数学演習Ⅱ,藤井 宏之
, 
    ,
応用数学演習Ⅱ,小橋 好充
機械システムコース, 
    ,
卒業論文,澤 和弘
, 
 ,
卒業論文,大橋 俊朗
機械システムコース, 
 ,
流体力学Ⅱ,田坂 裕司
, 
  Ⅱ,
流体力学Ⅱ,大島 伸行
機械システムコース, 
  Ⅱ,
伝熱工学Ⅰ,黒田 明慈
, 
   Ⅰ,
伝熱工学Ⅰ,坂下 弘人
機械システムコース, 
   Ⅰ,
熱力学Ⅰ,田部 豊
, 
 Ⅰ,
熱力学Ⅰ,戸谷 剛
機械システムコース, 
 Ⅰ,
熱力学Ⅱ,柴田 元
, 
 Ⅱ,
熱力学Ⅱ,田部 豊
機械システムコース, 
 Ⅱ,
熱流体力学演習Ⅰ,田部 豊
, 
      Ⅰ,
熱流体力学演習Ⅰ,戸谷 剛
機械システムコース, 
      Ⅰ,
熱流体力学演習Ⅱ,朴 炫珍
, 
      Ⅱ,
熱流体力学演習Ⅱ,田部 豊
機械システムコース, 
      Ⅱ,
流体力学Ⅰ,村井 祐一
, 
  Ⅰ,
流体力学Ⅰ,渡部 正夫
機械システムコース, 
  Ⅰ,
固体力学系演習Ⅱ,加藤 博之
, 
    Ⅱ,
固体力学系演習Ⅱ,加藤 博之
機械システムコース, 
    Ⅱ,
材料力学Ⅱ,加藤 博之
, 
   ,
材料力学Ⅱ,加藤 博之
機械システムコース, 
   ,
弾塑性学,佐々木 克彦
, 
    ,
弾塑性学,佐々木 克彦
機械システムコース, 
    ,
固体力学系演習Ⅰ,本田 真也
, 
    Ⅰ,
固体力学系演習Ⅰ,本田 真也
機械システムコース, 
    Ⅰ,
機械加工学実習,中村 孝
, 
,
機械加工学実習,中村 孝
機械システムコース, 
,
機械材料工学,中村 孝
, 
 ,
機械材料工学,中村 孝
機械システムコース, 
 ,
材料強度学,髙橋 航圭
, 
  ,
材料強度学,髙橋 航圭
機械システムコース, 
  ,
材料力学Ⅰ,佐藤 太裕
, 
   ,
材料力学Ⅰ,佐藤 太裕
機械システムコース, 
   ,
振動工学,本田 真也
, 
  ,
振動工学,本田 真也
機械システムコース, 
  ,
プラズマ物理,佐々木 浩一
, 
 ,
プラズマ物理,佐々木 浩一
機械システムコース, 
 ,
量子力学,松浦 妙子
, 
 ,
量子力学,松浦 妙子
機械システムコース, 
 ,
電気・電子回路,富岡 智
, 
   ,
電気・電子回路,佐々木 浩一
機械システムコース, 
   ,
制御・電気工学演習,富岡 智
, 
     ,
制御・電気工学演習,梶原 逸朗
機械システムコース, 
     ,
制御工学Ⅰ,梶原 逸朗
, 
  ,
制御工学Ⅰ,梶原 逸朗
機械システムコース, 
  ,
電磁気学,及川 俊一
, 
,
電磁気学,永田 晴紀
機械システムコース, 
,
機械力学,本田 真也
, 
  ,
機械力学,本田 真也
機械システムコース, 
  ,
メカトロニクス実習,寺島 洋史
, 
  ,
メカトロニクス実習,寺島 洋史
機械システムコース, 
  ,
制御工学Ⅱ,江丸 貴紀
, 
  ,
制御工学Ⅱ,江丸 貴紀
機械システムコース, 
  ,
原子物理,金子 純一
, 
 ,
原子物理,金子 純一
機械システムコース, 
 ,
材料科学,小崎 完
, 
 ,
材料科学,柴山 環樹
機械システムコース, 
 ,
原子炉工学,千葉 豪
, 
  ,
原子炉工学,千葉 豪
機械システムコース, 
  ,
物理化学,髙草木 達
, 
 ,
物理化学,髙草木 達
機械システムコース, 
 ,
地球科学,佐藤 努
 , 
地球科学,佐藤 努
 , 
環境エネルギー工学,戸谷 剛
, 
   ,
環境エネルギー工学,戸谷 剛
機械システムコース, 
   ,
工業倫理,佐々木 克彦
, 
 ,
工業倫理,佐々木 克彦
機械システムコース, 
 ,
安全工学,坂下 弘人
, 
 ,
安全工学,坂下 弘人
機械システムコース, 
 ,
気象学,村尾 直人
, 
気象学,村尾 直人
, 
計算工学Ａ,髙橋 航圭
, 
   ,
計算工学Ｂ,大島 伸行
, 
   ,
熱機関学,小川 英之
, 
 ,
伝熱工学Ⅱ,山田 雅彦
, 
  Ⅱ,
燃焼学,藤田 修
, 
 ,
流体工学,渡部 正夫
, 
 ,
量子ビーム工学,大沼 正人
, 
  ,
表面工学,朝倉 清髙
, 
 ,
応用電子工学,及川 俊一
, 
 ,
原子炉物理,千葉 豪
, 
  ,
核融合工学,山内 有二
, 
 ,
ＭＥＭＳ工学,大橋 俊朗
, 
    ,
ロボット工学,江丸 貴紀
, 
,
航空宇宙工学,藤田 修
, 
   ,
バイオエンジニアリング,大橋 俊朗
, 
,
医療・福祉工学,東藤 正浩
, 
   ,
計算工学Ａ,髙橋 航圭
機械システムコース, 
   ,
計算工学Ｂ,大島 伸行
機械システムコース, 
   ,
熱機関学,小川 英之
機械システムコース, 
 ,
伝熱工学Ⅱ,山田 雅彦
機械システムコース, 
  Ⅱ,
燃焼学,藤田 修
機械システムコース, 
 ,
流体工学,渡部 正夫
機械システムコース, 
 ,
量子ビーム工学,大沼 正人
機械システムコース, 
  ,
表面工学,朝倉 清髙
機械システムコース, 
 ,
応用電子工学,及川 俊一
機械システムコース, 
 ,
原子炉物理,千葉 豪
機械システムコース, 
  ,
核融合工学,山内 有二
機械システムコース, 
 ,
ＭＥＭＳ工学,大橋 俊朗
機械システムコース, 
    ,
ロボット工学,江丸 貴紀
機械システムコース, 
,
航空宇宙工学,藤田 修
機械システムコース, 
   ,
バイオエンジニアリング,大橋 俊朗
機械システムコース, 
,
医療・福祉工学,東藤 正浩
機械システムコース, 
   ,