憲法Ⅰ,齊藤 正彰
  , 
憲法Ⅱ,鈴木 敦
  , 
現代倒産・執行法Ⅰ,栗原 伸輔
    Ⅰ, 
現代倒産・執行法Ⅱ,栗原 伸輔
    Ⅱ, 
現代知的財産法Ⅰ,中山 一郎
   Ⅰ, 
現代企業法Ⅰ,野田 耕志
   Ⅰ, 
現代法政論,中山 一郎
, 
   ,
現代法政論,落合 研一
, 
   ,
現代知的財産法Ⅱ,中山 一郎
   Ⅱ, 
民法学特殊演習,吉田 邦彦
, 
   ,
民法学特殊講義,根本 尚徳
, 
 ,
商法学特殊演習,川村 力
, 
   ,
民事手続法学特殊演習,栗原 伸輔
, 
   ,
知的財産法学特殊演習,吉田 広志
, 
   ,
知的財産法学特殊演習,中山 一郎
, 
   ,
知的財産法学特殊講義,高橋 直子
, 
 ,
民法学特殊演習,吉田 邦彦
, 
   ,
商法学特殊講義,三宅 新
, 
 ,
知的財産法学特殊演習,中山 一郎
, 
   ,
知的財産法学特殊演習,中山 一郎
, 
   ,
知的財産法学特殊講義,中山 一郎
, 
 ,
民法学特別研究,吉田 邦彦
, 
   ,
民法学特別研究,根本 尚徳
, 
   ,
商法学特別研究,川村 力
, 
   ,
民事手続法学特別研究,栗原 伸輔
, 
   ,
知的財産法学特別研究,中山 一郎
, 
   ,
知的財産法学特別研究,吉田 広志
, 
   ,
知的財産法学特別研究,高橋 直子
, 
   ,
国際私法学特別研究,嶋 拓哉
, 
    ,
民事法総合研究Ⅰ,伊藤 隼
, 
   Ⅰ,
民事法総合研究Ⅰ,伊藤 隼
, 
   Ⅰ,
民事法総合研究Ⅱ,伊藤 隼
, 
   Ⅱ,
私法論総合研究Ⅱ,吉田 邦彦
, 
    Ⅱ,
知的財産法総合研究Ⅰ,中山 一郎
, 
   Ⅰ,
商法学特別研究,三宅 新
, 
   ,
知的財産法学特別研究,中山 一郎
, 
   ,
知的財産法学特別研究,中山 一郎
, 
   ,
知的財産法学特別研究,中山 一郎
, 
   ,
民事法総合研究Ⅰ,伊藤 隼
, 
   Ⅰ,
民事法総合研究Ⅰ,伊藤 隼
, 
   Ⅰ,
民事法総合研究Ⅱ,伊藤 隼
, 
   Ⅱ,
私法論総合研究Ⅱ,吉田 邦彦
, 
    Ⅱ,
知的財産法総合研究Ⅰ,中山 一郎
, 
   Ⅰ,
行政法Ⅰ,山下 竜一
  , 
行政法Ⅳ,田中 啓之
  , 
行政法Ⅱ,米田 雅宏
  , 
国際法Ⅰ,加藤 信行
  ,
国際法Ⅱ,伊藤 一頼
  , 
国際私法学特殊演習,嶋 拓哉
, 
    ,
民事法総合演習Ⅰ,伊藤 隼
, 
   Ⅰ,
民事法総合演習Ⅰ,伊藤 隼
, 
   Ⅰ,
民事法総合演習Ⅱ,伊藤 隼
, 
   Ⅱ,
私法論総合演習Ⅱ,吉田 邦彦
, 
    Ⅱ,
知的財産法総合演習Ⅰ,中山 一郎
, 
   Ⅰ,
民事法総合演習Ⅰ,伊藤 隼
, 
   Ⅰ,
民事法総合演習Ⅰ,伊藤 隼
, 
   Ⅰ,
民事法総合演習Ⅱ,伊藤 隼
, 
   Ⅱ,
私法論総合演習Ⅱ,吉田 邦彦
, 
    Ⅱ,
知的財産法総合演習Ⅰ,中山 一郎
, 
   Ⅰ,
民法Ⅰ,林 誠司
  , 
民法Ⅱ,吉田 邦彦
  , 
民法Ⅲ,山本 周平
  , 
民法Ⅳ,根本 尚徳
  , 
環境法,山下 竜一
 , 
租税法Ⅰ,田中 啓之
  Ⅰ, 
地方自治法,人見 剛
   , 
現代法政論,米田 雅宏
, 
   ,
租税法Ⅱ,田中 啓之
  Ⅱ, 
現代法政論,中山 一郎
, 
   ,
憲法学特殊演習,鈴木 敦
, 
   ,
行政法学特殊演習,米田 雅宏
, 
   ,
行政法学特殊講義,岸本 太樹
, 
 ,
憲法学特殊講義,佐々木 雅寿
, 
 ,
行政法学特殊演習,岸本 太樹
, 
   ,
行政法学特殊演習,山下 竜一
, 
   ,
憲法学特別研究,鈴木 敦
, 
   ,
行政法学特別研究,米田 雅宏
, 
   ,
行政法学特別研究,岸本 太樹
, 
   ,
国際法学特別研究,伊藤 一頼
, 
   ,
行政学特別研究,山崎 幹根
, 
   ,
公法総合研究Ⅰ,岸本 太樹
, 
   Ⅰ,
公法総合研究Ⅱ,岸本 太樹
, 
   Ⅱ,
憲法学特別研究,佐々木 雅寿
, 
   ,
行政法学特別研究,岸本 太樹
, 
   ,
行政法学特別研究,山下 竜一
, 
   ,
公法総合研究Ⅰ,岸本 太樹
, 
   Ⅰ,
公法総合研究Ⅱ,岸本 太樹
, 
   Ⅱ,
商法Ⅰ,川村 力
  , 
商法Ⅱ,三宅 新
  , 
商法Ⅲ,山本 哲生
  , 
民事訴訟法Ⅰ,伊藤 隼
    , 
民事訴訟法Ⅱ,山木戸 勇一郎
    , 
国際環境法,児矢野 マリ
  , 
国際法学特殊演習,伊藤 一頼
, 
   ,
知的財産法,吉田 広志
   , 
公法総合演習Ⅰ,岸本 太樹
, 
   Ⅰ,
公法総合演習Ⅱ,岸本 太樹
, 
   Ⅱ,
公法総合演習Ⅰ,岸本 太樹
, 
   Ⅰ,
公法総合演習Ⅱ,岸本 太樹
, 
   Ⅱ,
国際私法,嶋 拓哉
  , 
刑法Ⅱ,小名木 明宏
, 
  ,
刑法Ⅰ,小名木 明宏
, 
  ,
刑法Ⅰ,松尾 誠紀
, 
  ,
刑法Ⅱ,松尾 誠紀
, 
  ,
刑事手続法学特殊演習,上田 信太郎
, 
   ,
刑法学特殊演習,小名木 明宏
, 
   ,
刑法学特殊演習,佐藤 陽子
, 
   ,
刑法学特殊講義,城下 裕二
, 
 ,
刑事手続法学特別研究,上田 信太郎
, 
   ,
刑事法総合研究Ⅰ,松尾 誠紀
, 
   Ⅰ,
刑事法総合研究Ⅱ,松尾 誠紀
, 
   Ⅱ,
刑法学特別研究,小名木 明宏
, 
   ,
刑法学特別研究,佐藤 陽子
, 
   ,
刑法学特別研究,城下 裕二
, 
   ,
刑事法総合研究Ⅰ,松尾 誠紀
, 
   Ⅰ,
刑事法総合研究Ⅱ,松尾 誠紀
, 
   Ⅱ,
刑事訴訟法,上田 信太郎
   , 
刑事法総合演習Ⅰ,松尾 誠紀
, 
   Ⅰ,
刑事法総合演習Ⅱ,松尾 誠紀
, 
   Ⅱ,
刑事法総合演習Ⅰ,松尾 誠紀
, 
   Ⅰ,
刑事法総合演習Ⅱ,松尾 誠紀
, 
   Ⅱ,
労働法,池田 悠
 , 
現代労働法政策,森戸 英幸
    , 
現代経済法Ⅱ,中川 晶比兒
   Ⅱ, 
現代法政論,中川 晶比兒
, 
   ,
福祉法政策学,加藤 智章
   , 
現代経済法Ⅰ,中川 晶比兒
   Ⅰ, 
現代法政論,中川 晶比兒
, 
   ,
現代法政論,中川 寛子
, 
   ,
経済法学特殊演習,中川 晶比兒
, 
     ,
経済法学特殊演習,中川 晶比兒
, 
     ,
社会保障法学特殊演習,加藤 智章
, 
    ,
経済法学特別研究,中川 晶比兒
, 
     ,
経済法学特別研究,中川 晶比兒
, 
     ,
社会法総合研究Ⅰ,池田 悠
, 
   Ⅰ,
社会法総合研究Ⅰ,加藤 智章
, 
   Ⅰ,
社会法総合研究Ⅱ,池田 悠
, 
   Ⅱ,
経済法総合研究Ⅰ,中川 寛子
, 
   Ⅰ,
社会保障法学特別研究,加藤 智章
, 
    ,
社会法総合研究Ⅰ,池田 悠
, 
   Ⅰ,
社会法総合研究Ⅰ,加藤 智章
, 
   Ⅰ,
社会法総合研究Ⅱ,池田 悠
, 
   Ⅱ,
経済法総合研究Ⅰ,中川 寛子
, 
   Ⅰ,
経済法,中川 寛子
 , 
国際経済法,小林 友彦
  , 
国際経済法,小林 友彦
  , 
社会保障法Ⅰ,加藤 智章
   , 
社会保障法Ⅱ,加藤 智章
   , 
社会法総合演習Ⅰ,加藤 智章
, 
   Ⅰ,
社会法総合演習Ⅰ,池田 悠
, 
   Ⅰ,
社会法総合演習Ⅱ,池田 悠
, 
   Ⅱ,
経済法総合演習Ⅰ,中川 寛子
, 
   Ⅰ,
社会法総合演習Ⅰ,池田 悠
, 
   Ⅰ,
社会法総合演習Ⅰ,加藤 智章
, 
   Ⅰ,
社会法総合演習Ⅱ,池田 悠
, 
   Ⅱ,
経済法総合演習Ⅰ,中川 寛子
, 
   Ⅰ,
法哲学,森 悠一郎
  , 
法哲学特別研究,森 悠一郎
, 
    ,
法理論総合研究Ⅰ,会沢 恒
, 
    Ⅰ,
法文化総合研究Ⅰ,徐 行
, 
   Ⅰ,
法社会学特別研究,尾﨑 一郎
, 
    ,
法理論総合研究Ⅰ,会沢 恒
, 
    Ⅰ,
法社会学,尾﨑 一郎
  , 
現代法社会論,尾﨑 一郎
    , 
現代法理論,長谷川 晃
 , 
日本法史,桑原 朝子
  , 
基礎法政論,徐 行
, 
    ,
現代法哲学,森 悠一郎
    , 
ローマ法,水野 浩二
 , 
基礎法政論,尾﨑 一郎
, 
    ,
基礎法政論,水野 浩二
, 
    ,
法哲学特殊演習,森 悠一郎
, 
    ,
法社会学特殊演習,尾﨑 一郎
, 
    ,
法史学Ⅱ,水野 浩二
   , 
法史学Ⅰ,桑原 朝子
   , 
比較法文化論,会沢 恒
  , 
英米法,会沢 恒
 , 
ヨーロッパ法,齋藤 哲志
 , 
アジア法,徐 行
 , 
比較法Ⅱ,会沢 恒
  , 
比較法Ⅰ,徐 行
  , 
法理論総合演習Ⅰ,会沢 恒
, 
    Ⅰ,
法文化総合演習Ⅰ,徐 行
, 
   Ⅰ,
法理論総合演習Ⅰ,会沢 恒
, 
    Ⅰ,
法と経済学Ⅰ,林田 清明
   , 
法と経済学Ⅱ,林田 清明
   , 
現代政治分析,空井 護
  , 
政治学,辻 康夫
 , 
政策過程論,空井 護
 , 
政策評価論,武藤 俊雄
 , 
行政マネージメントⅠ,宮脇 淳
  Ⅰ, 
行政マネージメントⅡ,宮脇 淳
  Ⅱ, 
行政学特殊講義,山崎 幹根
, 
 ,
行政学特殊講義,山崎 幹根
, 
 ,
国際政治学特別研究,遠藤 乾
, 
   ,
政治史学特別研究,小浜 祥子
, 
   ,
政治学総合研究Ⅰ,馬場 香織
, 
   Ⅰ,
政治学特別研究,空井 護
, 
   ,
政治学特別研究,辻 康夫
, 
   ,
政治学総合研究Ⅰ,馬場 香織
, 
   Ⅰ,
地方自治論,山崎 幹根
 , 
行政学,村上 裕一
 , 
行財政論,宮脇 淳
  , 
アジア政治外交論Ⅰ,川島 真
     , 
現代ヨーロッパ政治外交論,網谷 龍介
    , 
現代日本政治思想,眞壁 仁
   , 
公共哲学,辻 康夫
 , 
アジア政治外交論Ⅱ,岩谷 將
     Ⅱ, 
現代アメリカ政治外交論,小浜 祥子
    , 
現代欧米政治思想,権左 武志
   , 
政治史学特殊演習,前田 亮介
, 
   ,
政治史学特殊演習,小浜 祥子
, 
   ,
政治史学特殊講義,吉田 徹
, 
 ,
政治学特殊演習,辻 康夫
, 
   ,
政治学特殊講義,空井 護
, 
 ,
政治史学特殊講義,前田 亮介
, 
 ,
比較政治,馬場 香織
 , 
アジア政治論,川島 真
 , 
国際政治,遠藤 乾
 , 
比較政府間関係論,山崎 幹根
 - , 
比較法政論,大西 富士夫
, 
   ,
現代政治分析,空井 護
  , 
福祉社会政策論,中園 和貴
  , 
国際政治経済論,鈴木 一人
  , 
比較政治学特殊講義,尾﨑 一郎
, 
 ,
国際政治学特殊演習,遠藤 乾
, 
   ,
ヨーロッパ政治史,吉田 徹
  , 
日本政治史,前田 亮介
  , 
アメリカ政治史,小浜 祥子
  , 
アジア政治史,岩谷 將
  , 
政治学総合演習Ⅰ,馬場 香織
, 
   Ⅰ,
政治学総合演習Ⅰ,馬場 香織
, 
   Ⅰ,
日本政治思想史,眞壁 仁
    , 
西洋政治思想史,権左 武志
    , 
司法制度論,朝倉 靖
 ,
法政理論特別研究,曽野 裕夫
, 
